"ID","Date","Teacher","Remark"
"NC001",2025-05-28,"Ms. Johnson","Good"
"NC001",2025-05-16,"Dr. Brown","Excellent"
"NC002",2025-05-11,"Ms. Johnson","Needs Improvement"
"NC002",2025-05-21,"Dr. Brown","Good"
"NC003",2025-05-04,"Ms. Johnson","Good"
"NC003",2025-05-13,"Ms. Johnson","Excellent"
"NC004",2025-05-21,"Mr. Smith","Excellent"
"NC004",2025-05-09,"Mr. Smith","Good"
"NC005",2025-05-16,"Mr. Smith","Excellent"
"NC005",2025-05-06,"Ms. Johnson","Needs Improvement"
"NC006",2025-05-10,"Ms. Johnson","Needs Improvement"
"NC006",2025-05-06,"Ms. Johnson","Good"
"NC007",2025-05-22,"Ms. Johnson","Excellent"
"NC007",2025-05-15,"Mr. Smith","Excellent"
"NC008",2025-05-04,"Ms. Johnson","Needs Improvement"
"NC008",2025-05-23,"Ms. Johnson","Good"
"NC009",2025-05-03,"Mr. Smith","Excellent"
"NC009",2025-05-28,"Ms. Johnson","Excellent"
"NC010",2025-05-27,"Dr. Brown","Needs Improvement"
"NC010",2025-05-06,"Ms. Johnson","Needs Improvement"
"NC011",2025-04-29,"Dr. Brown","Needs Improvement"
"NC011",2025-05-20,"Ms. Johnson","Good"
"NC012",2025-05-16,"Mr. Smith","Excellent"
"NC012",2025-05-26,"Mr. Smith","Excellent"
"NC013",2025-05-19,"Ms. Johnson","Needs Improvement"
"NC013",2025-05-28,"Ms. Johnson","Good"
"NC014",2025-05-21,"Mr. Smith","Excellent"
"NC014",2025-05-19,"Dr. Brown","Good"
"NC015",2025-05-28,"Mr. Smith","Good"
"NC015",2025-05-14,"Ms. Johnson","Needs Improvement"
"NC016",2025-05-18,"Mr. Smith","Excellent"
"NC016",2025-05-28,"Mr. Smith","Good"
"NC017",2025-05-26,"Dr. Brown","Excellent"
"NC017",2025-05-11,"Dr. Brown","Good"
"NC018",2025-05-20,"Mr. Smith","Good"
"NC018",2025-04-29,"Mr. Smith","Good"
"NC019",2025-05-16,"Dr. Brown","Needs Improvement"
"NC019",2025-05-24,"Dr. Brown","Good"
"NC020",2025-05-03,"Mr. Smith","Excellent"
"NC020",2025-05-10,"Ms. Johnson","Good"
"NC021",2025-05-22,"Ms. Johnson","Good"
"NC021",2025-05-04,"Ms. Johnson","Good"
"NC022",2025-05-28,"Ms. Johnson","Good"
"NC022",2025-05-21,"Dr. Brown","Excellent"
"NC023",2025-05-14,"Ms. Johnson","Good"
"NC023",2025-05-25,"Mr. Smith","Excellent"
"NC024",2025-05-29,"Mr. Smith","Needs Improvement"
"NC024",2025-05-08,"Dr. Brown","Needs Improvement"
"NC025",2025-05-14,"Dr. Brown","Excellent"
"NC025",2025-05-06,"Ms. Johnson","Needs Improvement"
"NC026",2025-05-09,"Mr. Smith","Good"
"NC026",2025-05-17,"Ms. Johnson","Good"
"NC027",2025-05-09,"Mr. Smith","Good"
"NC027",2025-05-28,"Mr. Smith","Needs Improvement"
"NC028",2025-04-30,"Dr. Brown","Needs Improvement"
"NC028",2025-05-01,"Mr. Smith","Needs Improvement"
"NC029",2025-05-25,"Mr. Smith","Excellent"
"NC029",2025-04-29,"Dr. Brown","Good"
"NC030",2025-05-12,"Ms. Johnson","Needs Improvement"
"NC030",2025-05-23,"Dr. Brown","Excellent"
"NC031",2025-05-26,"Mr. Smith","Needs Improvement"
"NC031",2025-05-25,"Dr. Brown","Excellent"
"NC032",2025-05-15,"Dr. Brown","Good"
"NC032",2025-05-18,"Mr. Smith","Good"
"NC033",2025-04-29,"Mr. Smith","Needs Improvement"
"NC033",2025-05-06,"Mr. Smith","Excellent"
"NC034",2025-05-14,"Ms. Johnson","Excellent"
"NC034",2025-05-17,"Mr. Smith","Good"
"NC035",2025-05-26,"Ms. Johnson","Excellent"
"NC035",2025-05-28,"Dr. Brown","Excellent"
"NC036",2025-05-25,"Ms. Johnson","Needs Improvement"
"NC036",2025-05-22,"Mr. Smith","Good"
"NC037",2025-05-28,"Ms. Johnson","Good"
"NC037",2025-05-04,"Dr. Brown","Needs Improvement"
"NC038",2025-05-27,"Dr. Brown","Good"
"NC038",2025-05-16,"Dr. Brown","Needs Improvement"
"NC039",2025-05-04,"Ms. Johnson","Excellent"
"NC039",2025-05-11,"Dr. Brown","Excellent"
"NC040",2025-04-29,"Mr. Smith","Excellent"
"NC040",2025-04-29,"Ms. Johnson","Excellent"
"NC041",2025-05-12,"Mr. Smith","Excellent"
"NC041",2025-05-27,"Dr. Brown","Good"
"NC042",2025-05-21,"Mr. Smith","Good"
"NC042",2025-05-19,"Dr. Brown","Excellent"
"NC043",2025-05-29,"Mr. Smith","Good"
"NC043",2025-05-25,"Ms. Johnson","Needs Improvement"
"NC044",2025-05-03,"Dr. Brown","Needs Improvement"
"NC044",2025-05-15,"Mr. Smith","Good"
"NC045",2025-05-07,"Ms. Johnson","Good"
"NC045",2025-05-10,"Ms. Johnson","Excellent"
"NC046",2025-05-20,"Ms. Johnson","Excellent"
"NC046",2025-05-07,"Mr. Smith","Excellent"
"NC047",2025-05-24,"Dr. Brown","Excellent"
"NC047",2025-05-20,"Mr. Smith","Excellent"
"NC048",2025-04-29,"Ms. Johnson","Good"
"NC048",2025-05-01,"Ms. Johnson","Excellent"
"NC049",2025-05-29,"Dr. Brown","Needs Improvement"
"NC049",2025-05-08,"Dr. Brown","Good"
"NC050",2025-05-12,"Dr. Brown","Excellent"
"NC050",2025-05-17,"Ms. Johnson","Excellent"
